Data,Method,Trait,SH
BAG,BAG,RetFoliar,0.466444027818092
BAG,BAG,ComprLobulo,0.790509535009375
BAG,BAG,LargLobulo,0.817605818373428
BAG,BAG,RelComprLar,0.505233331839662
BAG,BAG,ComprPeciolo,0.693703215621474
BAG,BAG,EspEntreCasca,0.0188128674784199
BAG,BAG,ComprMedRzs,0.492184761694434
BAG,BAG,DiamMedRzs,0.62409103166667
BAG,BAG,NRPl,0.642146725499504
BAG,BAG,AltPl,0.637821281986609
BAG,BAG,PPA,0.695313600640349
BAG,BAG,FRY,0.666914752208341
BAG,BAG,FRYC,0.299549896543822
BAG,BAG,FRYNC,0.450578167772166
BAG,BAG,IndColh,0.664525140305016
BAG,BAG,DMCsg,0.69541993656207
BAG,BAG,CorFolhaApical,0.874649381045863
BAG,BAG,CorPeciolo,0.893419497246725
BAG,BAG,CorFolhaDesenv,0.331780070660149
BAG,BAG,CorNerv,0.584610457619389
BAG,BAG,CorCortexCaule,0.588299342703687
BAG,BAG,CorExternaCaule,0.910661776639711
BAG,BAG,CorEpidCaule,0.982714417738007
BAG,BAG,CorRamosTerm,0.791052235758965
BAG,BAG,CorExternaRzs,0.716010023065295
BAG,BAG,CorCortexRzs,0.843928274476804
BAG,BAG,CorPolpaRzs,0.434442599431325
BAG,BAG,NLobulos,0.450837985130597
BAG,BAG,Pubescencia,0.819639455811512
BAG,BAG,FormaLobuloCentral,0.426705927545497
BAG,BAG,PosicaoPeciolo,0.560948290121146
BAG,BAG,Sinuosidade,0.972936639858713
BAG,BAG,ComprEstip,0.586382202732086
BAG,BAG,HabCresCaule,0
BAG,BAG,TipoPlan,0.734566786379192
BAG,BAG,MargEstip,0.303839666646552
BAG,BAG,HabRamif,0.736575162363181
BAG,BAG,NiveisRam,0.979104511583825
BAG,BAG,ProemCicatrizesFolhas,0.90947491911518
BAG,BAG,FormaRzs,0.70345256810396
BAG,BAG,TxtEpidermeRzs,0.714640011077921
BAG,BAG,PresPedunculoRzs,0.901296895890101
BAG,BAG,PosicaoRzs,0.590093298458395
BAG,BAG,Flowering,0.867452950552861
BAG,BAG,DestqPelicRz,0.992476003943082
BAG,BAG,DestqCortexRz,0.560129975279865
BAG,BAG,ConstrRzs,0.95174406891734
BAG,BAG,ComprFilotaxia,0.821514120039713
BAG,BAG,AnguloRamif,0.611593633916321
BAG,BAG,PorteMod,0.768684392501375
BAG,BAG,HCNMod,0.637086632701694
Geno,AM/MLST,RetFoliar,0.609249576081954
Geno,AM/MLST,ComprLobulo,0.793246980155372
Geno,AM/MLST,LargLobulo,0.851055580051357
Geno,AM/MLST,RelComprLar,0.525445590610693
Geno,AM/MLST,ComprPeciolo,0.780619742207273
Geno,AM/MLST,EspEntreCasca,0.0243115807513237
Geno,AM/MLST,ComprMedRzs,0.672957344817211
Geno,AM/MLST,DiamMedRzs,0.74292380591989
Geno,AM/MLST,NRPl,0.781964496298276
Geno,AM/MLST,AltPl,0.721668644303949
Geno,AM/MLST,PPA,0.816550491828762
Geno,AM/MLST,FRY,0.830947408614962
Geno,AM/MLST,FRYC,0.80347062167084
Geno,AM/MLST,FRYNC,0.780795636012925
Geno,AM/MLST,IndColh,0.800581116945985
Geno,AM/MLST,DMCsg,0.750768081882073
Geno,AM/MLST,CorFolhaApical,0.892463793845713
Geno,AM/MLST,CorPeciolo,0.861443109055574
Geno,AM/MLST,CorFolhaDesenv,0.216886421327928
Geno,AM/MLST,CorNerv,0.517124698068902
Geno,AM/MLST,CorCortexCaule,0.584168756606415
Geno,AM/MLST,CorExternaCaule,0.918432563913128
Geno,AM/MLST,CorEpidCaule,0.985329955658368
Geno,AM/MLST,CorRamosTerm,0.786497715992396
Geno,AM/MLST,CorExternaRzs,0.753364925629818
Geno,AM/MLST,CorCortexRzs,0.838880859575284
Geno,AM/MLST,CorPolpaRzs,0.481168432311385
Geno,AM/MLST,NLobulos,0.496224310871297
Geno,AM/MLST,Pubescencia,0.897296125473617
Geno,AM/MLST,FormaLobuloCentral,0.454078311943719
Geno,AM/MLST,PosicaoPeciolo,0.564684316299847
Geno,AM/MLST,Sinuosidade,0.962773005238754
Geno,AM/MLST,ComprEstip,0.300063932170002
Geno,AM/MLST,HabCresCaule,0
Geno,AM/MLST,TipoPlan,0.706733590390603
Geno,AM/MLST,MargEstip,0.206995531717441
Geno,AM/MLST,HabRamif,0.707920905115962
Geno,AM/MLST,NiveisRam,0.987930251311558
Geno,AM/MLST,ProemCicatrizesFolhas,0.866893670556864
Geno,AM/MLST,FormaRzs,0.694088286220909
Geno,AM/MLST,TxtEpidermeRzs,0.790415635701529
Geno,AM/MLST,PresPedunculoRzs,0.830349780472111
Geno,AM/MLST,PosicaoRzs,0.584204911001617
Geno,AM/MLST,Flowering,0.911215834289424
Geno,AM/MLST,DestqPelicRz,0.996026586212805
Geno,AM/MLST,DestqCortexRz,0.618490388110358
Geno,AM/MLST,ConstrRzs,0.962618633208531
Geno,AM/MLST,ComprFilotaxia,0.845234043909535
Geno,AM/MLST,AnguloRamif,0.574157242398086
Geno,AM/MLST,PorteMod,0.702494742533539
Geno,AM/MLST,HCNMod,0.557685653867107
Geno,CE/AC,RetFoliar,0.631983311872707
Geno,CE/AC,ComprLobulo,0.803709160166756
Geno,CE/AC,LargLobulo,0.87229816854469
Geno,CE/AC,RelComprLar,0.608058692868984
Geno,CE/AC,ComprPeciolo,0.782631900905064
Geno,CE/AC,EspEntreCasca,0.0243787287284032
Geno,CE/AC,ComprMedRzs,0.668537177186505
Geno,CE/AC,DiamMedRzs,0.801315567689476
Geno,CE/AC,NRPl,0.730615497472702
Geno,CE/AC,AltPl,0.711478209048487
Geno,CE/AC,PPA,0.801387425607223
Geno,CE/AC,FRY,0.816686110171845
Geno,CE/AC,FRYC,0.835618770617655
Geno,CE/AC,FRYNC,0.569333661479756
Geno,CE/AC,IndColh,0.772517570381189
Geno,CE/AC,DMCsg,0.792255991079841
Geno,CE/AC,CorFolhaApical,0.870266644700018
Geno,CE/AC,CorPeciolo,0.894793505410491
Geno,CE/AC,CorFolhaDesenv,0.237749393181163
Geno,CE/AC,CorNerv,0.550388630180243
Geno,CE/AC,CorCortexCaule,0.592062512588314
Geno,CE/AC,CorExternaCaule,0.927513480316551
Geno,CE/AC,CorEpidCaule,0.985324762675489
Geno,CE/AC,CorRamosTerm,0.76257128629585
Geno,CE/AC,CorExternaRzs,0.735627010311266
Geno,CE/AC,CorCortexRzs,0.839816738840446
Geno,CE/AC,CorPolpaRzs,0.417726665738088
Geno,CE/AC,NLobulos,0.49110995032786
Geno,CE/AC,Pubescencia,0.841507212720332
Geno,CE/AC,FormaLobuloCentral,0.375749557620798
Geno,CE/AC,PosicaoPeciolo,0.533835169643269
Geno,CE/AC,Sinuosidade,0.975948610296314
Geno,CE/AC,ComprEstip,0.381346926495242
Geno,CE/AC,HabCresCaule,0
Geno,CE/AC,TipoPlan,0.727387774749995
Geno,CE/AC,MargEstip,0.221780685985139
Geno,CE/AC,HabRamif,0.749874149256548
Geno,CE/AC,NiveisRam,0.976537429004916
Geno,CE/AC,ProemCicatrizesFolhas,0.834648285181383
Geno,CE/AC,FormaRzs,0.629978852483122
Geno,CE/AC,TxtEpidermeRzs,0.779755732946874
Geno,CE/AC,PresPedunculoRzs,0.814393087551531
Geno,CE/AC,PosicaoRzs,0.500076846313536
Geno,CE/AC,Flowering,0.87353969793209
Geno,CE/AC,DestqPelicRz,0.997903923934691
Geno,CE/AC,DestqCortexRz,0.591292325130358
Geno,CE/AC,ConstrRzs,0.972155213134642
Geno,CE/AC,ComprFilotaxia,0.807449876419474
Geno,CE/AC,AnguloRamif,0.577920462665012
Geno,CE/AC,PorteMod,0.696644541412614
Geno,CE/AC,HCNMod,0.593531936194794
Geno,CE/EH,RetFoliar,0.444673896098976
Geno,CE/EH,ComprLobulo,0.815021042731969
Geno,CE/EH,LargLobulo,0.879748829870214
Geno,CE/EH,RelComprLar,0.643299029908063
Geno,CE/EH,ComprPeciolo,0.800775340036669
Geno,CE/EH,EspEntreCasca,0.0242448280298119
Geno,CE/EH,ComprMedRzs,0.721250994450267
Geno,CE/EH,DiamMedRzs,0.651510624879926
Geno,CE/EH,NRPl,0.594095370970296
Geno,CE/EH,AltPl,0.845283711090983
Geno,CE/EH,PPA,0.818132739902477
Geno,CE/EH,FRY,0.832108281374703
Geno,CE/EH,FRYC,0.833500414070103
Geno,CE/EH,FRYNC,0.78101645145653
Geno,CE/EH,IndColh,0.835695039822367
Geno,CE/EH,DMCsg,0.780333861350853
Geno,CE/EH,CorFolhaApical,0.857459026657252
Geno,CE/EH,CorPeciolo,0.845655859740528
Geno,CE/EH,CorFolhaDesenv,0.220460610274715
Geno,CE/EH,CorNerv,0.464024098455853
Geno,CE/EH,CorCortexCaule,0.598225064883228
Geno,CE/EH,CorExternaCaule,0.917107607450862
Geno,CE/EH,CorEpidCaule,0.986531119956779
Geno,CE/EH,CorRamosTerm,0.72548333993848
Geno,CE/EH,CorExternaRzs,0.774874882614392
Geno,CE/EH,CorCortexRzs,0.828501357861042
Geno,CE/EH,CorPolpaRzs,0.411094280748647
Geno,CE/EH,NLobulos,0.466463789624158
Geno,CE/EH,Pubescencia,0.75513621152246
Geno,CE/EH,FormaLobuloCentral,0.43237791699454
Geno,CE/EH,PosicaoPeciolo,0.529797742279386
Geno,CE/EH,Sinuosidade,0.991182513957207
Geno,CE/EH,ComprEstip,0.312903289977546
Geno,CE/EH,HabCresCaule,0
Geno,CE/EH,TipoPlan,0.708190247371531
Geno,CE/EH,MargEstip,0.161947506526385
Geno,CE/EH,HabRamif,0.746165673729996
Geno,CE/EH,NiveisRam,0.956585217481652
Geno,CE/EH,ProemCicatrizesFolhas,0.852148920789731
Geno,CE/EH,FormaRzs,0.72210211952195
Geno,CE/EH,TxtEpidermeRzs,0.864826251396842
Geno,CE/EH,PresPedunculoRzs,0.89625125108578
Geno,CE/EH,PosicaoRzs,0.564174402756705
Geno,CE/EH,Flowering,0.87726422045082
Geno,CE/EH,DestqPelicRz,0.999897765793645
Geno,CE/EH,DestqCortexRz,0.651795357733025
Geno,CE/EH,ConstrRzs,0.98500814319475
Geno,CE/EH,ComprFilotaxia,0.79335106773661
Geno,CE/EH,AnguloRamif,0.580847920065679
Geno,CE/EH,PorteMod,0.729082707531494
Geno,CE/EH,HCNMod,0.615643178339579
Geno,CE/MLST,RetFoliar,0.493185078075367
Geno,CE/MLST,ComprLobulo,0.849171398327936
Geno,CE/MLST,LargLobulo,0.86290902394242
Geno,CE/MLST,RelComprLar,0.561396393005193
Geno,CE/MLST,ComprPeciolo,0.823989178798141
Geno,CE/MLST,EspEntreCasca,0.0237883317862153
Geno,CE/MLST,ComprMedRzs,0.528987861064757
Geno,CE/MLST,DiamMedRzs,0.700608163225524
Geno,CE/MLST,NRPl,0.765722661078215
Geno,CE/MLST,AltPl,0.791568288419094
Geno,CE/MLST,PPA,0.851906750989148
Geno,CE/MLST,FRY,0.909998094923555
Geno,CE/MLST,FRYC,0.869424312588344
Geno,CE/MLST,FRYNC,0.741090201197561
Geno,CE/MLST,IndColh,0.791956828617698
Geno,CE/MLST,DMCsg,0.734799477667714
Geno,CE/MLST,CorFolhaApical,0.871493867098362
Geno,CE/MLST,CorPeciolo,0.889584962816285
Geno,CE/MLST,CorFolhaDesenv,0.211358848717313
Geno,CE/MLST,CorNerv,0.563571745437897
Geno,CE/MLST,CorCortexCaule,0.559775417454415
Geno,CE/MLST,CorExternaCaule,0.90571422731573
Geno,CE/MLST,CorEpidCaule,0.973624410193925
Geno,CE/MLST,CorRamosTerm,0.74006935521448
Geno,CE/MLST,CorExternaRzs,0.744451824977332
Geno,CE/MLST,CorCortexRzs,0.819536713057877
Geno,CE/MLST,CorPolpaRzs,0.46072538077851
Geno,CE/MLST,NLobulos,0.435036774780958
Geno,CE/MLST,Pubescencia,0.907063581622761
Geno,CE/MLST,FormaLobuloCentral,0.386938318657945
Geno,CE/MLST,PosicaoPeciolo,0.538199811823594
Geno,CE/MLST,Sinuosidade,0.973349786216423
Geno,CE/MLST,ComprEstip,0.336565071085958
Geno,CE/MLST,HabCresCaule,0
Geno,CE/MLST,TipoPlan,0.701026815055509
Geno,CE/MLST,MargEstip,0.236255515332415
Geno,CE/MLST,HabRamif,0.731947200970661
Geno,CE/MLST,NiveisRam,0.979683532357899
Geno,CE/MLST,ProemCicatrizesFolhas,0.900902695447897
Geno,CE/MLST,FormaRzs,0.713084219677486
Geno,CE/MLST,TxtEpidermeRzs,0.700967109936604
Geno,CE/MLST,PresPedunculoRzs,0.794057472299474
Geno,CE/MLST,PosicaoRzs,0.52514961946973
Geno,CE/MLST,Flowering,0.914288440912736
Geno,CE/MLST,DestqPelicRz,0.996026586212805
Geno,CE/MLST,DestqCortexRz,0.559598215360713
Geno,CE/MLST,ConstrRzs,0.976163081836927
Geno,CE/MLST,ComprFilotaxia,0.76693298998595
Geno,CE/MLST,AnguloRamif,0.582635414772248
Geno,CE/MLST,PorteMod,0.66217755609566
Geno,CE/MLST,HCNMod,0.602904469729348
Geno,CE/SH,RetFoliar,0.456765362111258
Geno,CE/SH,ComprLobulo,0.823267571934894
Geno,CE/SH,LargLobulo,0.841657964270235
Geno,CE/SH,RelComprLar,0.432474893423315
Geno,CE/SH,ComprPeciolo,0.77537350440837
Geno,CE/SH,EspEntreCasca,0.0336802691987071
Geno,CE/SH,ComprMedRzs,0.729761576135652
Geno,CE/SH,DiamMedRzs,0.613423407663441
Geno,CE/SH,NRPl,0.584650486058249
Geno,CE/SH,AltPl,0.84675820342872
Geno,CE/SH,PPA,0.817578274322201
Geno,CE/SH,FRY,0.827441668878728
Geno,CE/SH,FRYC,0.825010873735873
Geno,CE/SH,FRYNC,0.578462425471007
Geno,CE/SH,IndColh,0.82923432551847
Geno,CE/SH,DMCsg,0.773321529244302
Geno,CE/SH,CorFolhaApical,0.861013315835696
Geno,CE/SH,CorPeciolo,0.873898155223072
Geno,CE/SH,CorFolhaDesenv,0.181659815381459
Geno,CE/SH,CorNerv,0.460272876706902
Geno,CE/SH,CorCortexCaule,0.5934618744783
Geno,CE/SH,CorExternaCaule,0.918793142611814
Geno,CE/SH,CorEpidCaule,0.979343888058768
Geno,CE/SH,CorRamosTerm,0.738864104724914
Geno,CE/SH,CorExternaRzs,0.749843063767768
Geno,CE/SH,CorCortexRzs,0.829075192322645
Geno,CE/SH,CorPolpaRzs,0.407003332653638
Geno,CE/SH,NLobulos,0.454447252045746
Geno,CE/SH,Pubescencia,0.791858352567484
Geno,CE/SH,FormaLobuloCentral,0.443979783107151
Geno,CE/SH,PosicaoPeciolo,0.563626742641201
Geno,CE/SH,Sinuosidade,0.99716352926154
Geno,CE/SH,ComprEstip,0.275584409175154
Geno,CE/SH,HabCresCaule,0
Geno,CE/SH,TipoPlan,0.710718636781445
Geno,CE/SH,MargEstip,0.192752280034242
Geno,CE/SH,HabRamif,0.758183981110683
Geno,CE/SH,NiveisRam,0.961845528505937
Geno,CE/SH,ProemCicatrizesFolhas,0.812583232196548
Geno,CE/SH,FormaRzs,0.68358459527081
Geno,CE/SH,TxtEpidermeRzs,0.849605610107997
Geno,CE/SH,PresPedunculoRzs,0.886736666721832
Geno,CE/SH,PosicaoRzs,0.550821577489049
Geno,CE/SH,Flowering,0.894980537192127
Geno,CE/SH,DestqPelicRz,0.99947929445431
Geno,CE/SH,DestqCortexRz,0.615369523030042
Geno,CE/SH,ConstrRzs,0.985250502834787
Geno,CE/SH,ComprFilotaxia,0.77207127635811
Geno,CE/SH,AnguloRamif,0.580087670040358
Geno,CE/SH,PorteMod,0.698592998198362
Geno,CE/SH,HCNMod,0.607509309285351
Geno,MR/AC,RetFoliar,0.724251402107229
Geno,MR/AC,ComprLobulo,0.858669293531101
Geno,MR/AC,LargLobulo,0.855086496592411
Geno,MR/AC,RelComprLar,0.60518556192479
Geno,MR/AC,ComprPeciolo,0.852469850467046
Geno,MR/AC,EspEntreCasca,0.036160094886108
Geno,MR/AC,ComprMedRzs,0.679551498572854
Geno,MR/AC,DiamMedRzs,0.700180489691954
Geno,MR/AC,NRPl,0.636019117423702
Geno,MR/AC,AltPl,0.634293886560298
Geno,MR/AC,PPA,0.728077472489958
Geno,MR/AC,FRY,0.87320501411991
Geno,MR/AC,FRYC,0.837698237044448
Geno,MR/AC,FRYNC,0.776637831867212
Geno,MR/AC,IndColh,0.795824739749427
Geno,MR/AC,DMCsg,0.726246120942042
Geno,MR/AC,CorFolhaApical,0.8386955191153
Geno,MR/AC,CorPeciolo,0.899731536931856
Geno,MR/AC,CorFolhaDesenv,0.243558183977678
Geno,MR/AC,CorNerv,0.607904340301104
Geno,MR/AC,CorCortexCaule,0.611169314449215
Geno,MR/AC,CorExternaCaule,0.913371732220363
Geno,MR/AC,CorEpidCaule,0.977798862458573
Geno,MR/AC,CorRamosTerm,0.803808709476245
Geno,MR/AC,CorExternaRzs,0.736787374631817
Geno,MR/AC,CorCortexRzs,0.895060924826564
Geno,MR/AC,CorPolpaRzs,0.444127893716306
Geno,MR/AC,NLobulos,0.415878817233519
Geno,MR/AC,Pubescencia,0.841507212720332
Geno,MR/AC,FormaLobuloCentral,0.348073116571955
Geno,MR/AC,PosicaoPeciolo,0.49350003198811
Geno,MR/AC,Sinuosidade,0.959504448920178
Geno,MR/AC,ComprEstip,0.34806465832722
Geno,MR/AC,HabCresCaule,0
Geno,MR/AC,TipoPlan,0.705727356107172
Geno,MR/AC,MargEstip,0.249882292833185
Geno,MR/AC,HabRamif,0.75035947364643
Geno,MR/AC,NiveisRam,0.971750962724485
Geno,MR/AC,ProemCicatrizesFolhas,0.867473433475035
Geno,MR/AC,FormaRzs,0.615832391923315
Geno,MR/AC,TxtEpidermeRzs,0.704576712872594
Geno,MR/AC,PresPedunculoRzs,0.8397891689377
Geno,MR/AC,PosicaoRzs,0.555383901928866
Geno,MR/AC,Flowering,0.865906595311841
Geno,MR/AC,DestqPelicRz,0.999839301781049
Geno,MR/AC,DestqCortexRz,0.564543650189887
Geno,MR/AC,ConstrRzs,0.969904069981427
Geno,MR/AC,ComprFilotaxia,0.751333473097455
Geno,MR/AC,AnguloRamif,0.583659613815128
Geno,MR/AC,PorteMod,0.702708855606425
Geno,MR/AC,HCNMod,0.601964920957262
Geno,MR/EH,RetFoliar,0.444540755528538
Geno,MR/EH,ComprLobulo,0.816156823128071
Geno,MR/EH,LargLobulo,0.852283600618144
Geno,MR/EH,RelComprLar,0.507052016570218
Geno,MR/EH,ComprPeciolo,0.768214325102335
Geno,MR/EH,EspEntreCasca,0.0241784669956082
Geno,MR/EH,ComprMedRzs,0.798196978216528
Geno,MR/EH,DiamMedRzs,0.644796737791763
Geno,MR/EH,NRPl,0.593490634690123
Geno,MR/EH,AltPl,0.830850072381599
Geno,MR/EH,PPA,0.812012194253551
Geno,MR/EH,FRY,0.844345168374866
Geno,MR/EH,FRYC,0.822485617020372
Geno,MR/EH,FRYNC,0.7481014979205
Geno,MR/EH,IndColh,0.83525249106633
Geno,MR/EH,DMCsg,0.810303105148223
Geno,MR/EH,CorFolhaApical,0.863256169654973
Geno,MR/EH,CorPeciolo,0.827242120203474
Geno,MR/EH,CorFolhaDesenv,0.207823148780204
Geno,MR/EH,CorNerv,0.444475330432466
Geno,MR/EH,CorCortexCaule,0.588049927611902
Geno,MR/EH,CorExternaCaule,0.921894624560481
Geno,MR/EH,CorEpidCaule,0.983102578102043
Geno,MR/EH,CorRamosTerm,0.718307514766547
Geno,MR/EH,CorExternaRzs,0.762723545162753
Geno,MR/EH,CorCortexRzs,0.847617831061752
Geno,MR/EH,CorPolpaRzs,0.407334463785589
Geno,MR/EH,NLobulos,0.453678506208889
Geno,MR/EH,Pubescencia,0.77655578544446
Geno,MR/EH,FormaLobuloCentral,0.450597508736828
Geno,MR/EH,PosicaoPeciolo,0.519176304958913
Geno,MR/EH,Sinuosidade,0.995978956518722
Geno,MR/EH,ComprEstip,0.312903289977546
Geno,MR/EH,HabCresCaule,0
Geno,MR/EH,TipoPlan,0.688433674387576
Geno,MR/EH,MargEstip,0.161947506526385
Geno,MR/EH,HabRamif,0.729074726571632
Geno,MR/EH,NiveisRam,0.96291851116584
Geno,MR/EH,ProemCicatrizesFolhas,0.861218514794928
Geno,MR/EH,FormaRzs,0.722491228216593
Geno,MR/EH,TxtEpidermeRzs,0.85561492369498
Geno,MR/EH,PresPedunculoRzs,0.909832681044343
Geno,MR/EH,PosicaoRzs,0.56427369141076
Geno,MR/EH,Flowering,0.914288440912736
Geno,MR/EH,DestqPelicRz,0.99947929445431
Geno,MR/EH,DestqCortexRz,0.644209934598629
Geno,MR/EH,ConstrRzs,0.977686871215776
Geno,MR/EH,ComprFilotaxia,0.791966918955396
Geno,MR/EH,AnguloRamif,0.579699801325343
Geno,MR/EH,PorteMod,0.716419068610282
Geno,MR/EH,HCNMod,0.627281947572834
Geno,MR/MLST,RetFoliar,0.493185078075367
Geno,MR/MLST,ComprLobulo,0.849171398327936
Geno,MR/MLST,LargLobulo,0.86290902394242
Geno,MR/MLST,RelComprLar,0.561396393005193
Geno,MR/MLST,ComprPeciolo,0.823989178798141
Geno,MR/MLST,EspEntreCasca,0.0237883317862153
Geno,MR/MLST,ComprMedRzs,0.528987861064757
Geno,MR/MLST,DiamMedRzs,0.700608163225524
Geno,MR/MLST,NRPl,0.765722661078215
Geno,MR/MLST,AltPl,0.791568288419094
Geno,MR/MLST,PPA,0.851906750989148
Geno,MR/MLST,FRY,0.909998094923555
Geno,MR/MLST,FRYC,0.869424312588344
Geno,MR/MLST,FRYNC,0.741090201197561
Geno,MR/MLST,IndColh,0.791956828617698
Geno,MR/MLST,DMCsg,0.734799477667714
Geno,MR/MLST,CorFolhaApical,0.871493867098362
Geno,MR/MLST,CorPeciolo,0.889584962816285
Geno,MR/MLST,CorFolhaDesenv,0.211358848717313
Geno,MR/MLST,CorNerv,0.563571745437897
Geno,MR/MLST,CorCortexCaule,0.559775417454415
Geno,MR/MLST,CorExternaCaule,0.90571422731573
Geno,MR/MLST,CorEpidCaule,0.973624410193925
Geno,MR/MLST,CorRamosTerm,0.74006935521448
Geno,MR/MLST,CorExternaRzs,0.744451824977332
Geno,MR/MLST,CorCortexRzs,0.819536713057877
Geno,MR/MLST,CorPolpaRzs,0.46072538077851
Geno,MR/MLST,NLobulos,0.435036774780958
Geno,MR/MLST,Pubescencia,0.907063581622761
Geno,MR/MLST,FormaLobuloCentral,0.386938318657945
Geno,MR/MLST,PosicaoPeciolo,0.538199811823594
Geno,MR/MLST,Sinuosidade,0.973349786216423
Geno,MR/MLST,ComprEstip,0.336565071085958
Geno,MR/MLST,HabCresCaule,0
Geno,MR/MLST,TipoPlan,0.701026815055509
Geno,MR/MLST,MargEstip,0.236255515332415
Geno,MR/MLST,HabRamif,0.731947200970661
Geno,MR/MLST,NiveisRam,0.979683532357899
Geno,MR/MLST,ProemCicatrizesFolhas,0.900902695447897
Geno,MR/MLST,FormaRzs,0.713084219677486
Geno,MR/MLST,TxtEpidermeRzs,0.700967109936604
Geno,MR/MLST,PresPedunculoRzs,0.794057472299474
Geno,MR/MLST,PosicaoRzs,0.52514961946973
Geno,MR/MLST,Flowering,0.914288440912736
Geno,MR/MLST,DestqPelicRz,0.996026586212805
Geno,MR/MLST,DestqCortexRz,0.559598215360713
Geno,MR/MLST,ConstrRzs,0.976163081836927
Geno,MR/MLST,ComprFilotaxia,0.76693298998595
Geno,MR/MLST,AnguloRamif,0.582635414772248
Geno,MR/MLST,PorteMod,0.66217755609566
Geno,MR/MLST,HCNMod,0.602904469729348
Geno,MR/SH,RetFoliar,0.463626477320682
Geno,MR/SH,ComprLobulo,0.855026088150591
Geno,MR/SH,LargLobulo,0.835432930344894
Geno,MR/SH,RelComprLar,0.647234469430626
Geno,MR/SH,ComprPeciolo,0.904545535054658
Geno,MR/SH,EspEntreCasca,0.778389116441683
Geno,MR/SH,ComprMedRzs,0.739229326956083
Geno,MR/SH,DiamMedRzs,0.657459482496544
Geno,MR/SH,NRPl,0.606108802380338
Geno,MR/SH,AltPl,0.684216357326213
Geno,MR/SH,PPA,0.784446606536106
Geno,MR/SH,FRY,0.846247761500901
Geno,MR/SH,FRYC,0.835101588912655
Geno,MR/SH,FRYNC,0.732313876657342
Geno,MR/SH,IndColh,0.852361476904823
Geno,MR/SH,DMCsg,0.788707343758581
Geno,MR/SH,CorFolhaApical,0.877393103622409
Geno,MR/SH,CorPeciolo,0.850512307073509
Geno,MR/SH,CorFolhaDesenv,0.203633880074854
Geno,MR/SH,CorNerv,0.457348150684453
Geno,MR/SH,CorCortexCaule,0.590983005427637
Geno,MR/SH,CorExternaCaule,0.916253239831707
Geno,MR/SH,CorEpidCaule,0.975716998503459
Geno,MR/SH,CorRamosTerm,0.748375074309066
Geno,MR/SH,CorExternaRzs,0.773136090450446
Geno,MR/SH,CorCortexRzs,0.82914299494353
Geno,MR/SH,CorPolpaRzs,0.406360873058399
Geno,MR/SH,NLobulos,0.448942481030101
Geno,MR/SH,Pubescencia,0.796817492324405
Geno,MR/SH,FormaLobuloCentral,0.41681051509193
Geno,MR/SH,PosicaoPeciolo,0.53764269115177
Geno,MR/SH,Sinuosidade,0.992601095893032
Geno,MR/SH,ComprEstip,0.300719695671606
Geno,MR/SH,HabCresCaule,0
Geno,MR/SH,TipoPlan,0.704631404335716
Geno,MR/SH,MargEstip,0.145750730275264
Geno,MR/SH,HabRamif,0.741771454261246
Geno,MR/SH,NiveisRam,0.958569672017323
Geno,MR/SH,ProemCicatrizesFolhas,0.85471572722622
Geno,MR/SH,FormaRzs,0.700377997335091
Geno,MR/SH,TxtEpidermeRzs,0.85379394871692
Geno,MR/SH,PresPedunculoRzs,0.893448940634308
Geno,MR/SH,PosicaoRzs,0.553379047853694
Geno,MR/SH,Flowering,0.891556999605832
Geno,MR/SH,DestqPelicRz,0.999079718180582
Geno,MR/SH,DestqCortexRz,0.648248291318233
Geno,MR/SH,ConstrRzs,0.986558921100101
Geno,MR/SH,ComprFilotaxia,0.818300824395916
Geno,MR/SH,AnguloRamif,0.584964629762219
Geno,MR/SH,PorteMod,0.718178401169849
Geno,MR/SH,HCNMod,0.623107516834833
Pheno,CH,RetFoliar,0.637794812183606
Pheno,CH,ComprLobulo,0.830838056447484
Pheno,CH,LargLobulo,0.90902912885082
Pheno,CH,RelComprLar,0.58179748225468
Pheno,CH,ComprPeciolo,0.790271996590016
Pheno,CH,EspEntreCasca,0.034384873143908
Pheno,CH,ComprMedRzs,0.662580168449545
Pheno,CH,DiamMedRzs,0.69152332967945
Pheno,CH,NRPl,0.681260283332875
Pheno,CH,AltPl,0.703703819243049
Pheno,CH,PPA,0.761440400552681
Pheno,CH,FRY,0.730590415367005
Pheno,CH,FRYC,0.352700857003375
Pheno,CH,FRYNC,0.488821091047892
Pheno,CH,IndColh,0.717415201596361
Pheno,CH,DMCsg,0.794615967090108
Pheno,CH,CorFolhaApical,0.931182427161484
Pheno,CH,CorPeciolo,0.902061045328562
Pheno,CH,CorFolhaDesenv,0.425182209803207
Pheno,CH,CorNerv,0.72004827311773
Pheno,CH,CorCortexCaule,0.69057040100796
Pheno,CH,CorExternaCaule,0.952270499008997
Pheno,CH,CorEpidCaule,0.985144815627562
Pheno,CH,CorRamosTerm,0.890372692197959
Pheno,CH,CorExternaRzs,0.843761100603489
Pheno,CH,CorCortexRzs,0.896385594438565
Pheno,CH,CorPolpaRzs,0.539272546766722
Pheno,CH,NLobulos,0.586007285523226
Pheno,CH,Pubescencia,0.876168647392353
Pheno,CH,FormaLobuloCentral,0.619618113401002
Pheno,CH,PosicaoPeciolo,0.742060415992214
Pheno,CH,Sinuosidade,0.961236604722876
Pheno,CH,ComprEstip,0.77417520924595
Pheno,CH,HabCresCaule,0
Pheno,CH,TipoPlan,0.808836291986755
Pheno,CH,MargEstip,0.510184376722198
Pheno,CH,HabRamif,0.747716685843195
Pheno,CH,NiveisRam,0.981626094190129
Pheno,CH,ProemCicatrizesFolhas,0.987844413087681
Pheno,CH,FormaRzs,0.789540306051391
Pheno,CH,TxtEpidermeRzs,0.811278124459133
Pheno,CH,PresPedunculoRzs,0.930432796899466
Pheno,CH,PosicaoRzs,0.695633639793958
Pheno,CH,Flowering,0.938479867423036
Pheno,CH,DestqPelicRz,0.984511609829399
Pheno,CH,DestqCortexRz,0.665841749043992
Pheno,CH,ConstrRzs,0.951886492858439
Pheno,CH,ComprFilotaxia,0.901735039101639
Pheno,CH,AnguloRamif,0.615716268549345
Pheno,CH,PorteMod,0.854211224769791
Pheno,CH,HCNMod,0.605006486101202
Pheno,GW/CH,RetFoliar,0.46721680499695
Pheno,GW/CH,ComprLobulo,0.853731161081578
Pheno,GW/CH,LargLobulo,0.91366812014824
Pheno,GW/CH,RelComprLar,0.644444621822134
Pheno,GW/CH,ComprPeciolo,0.77955659551092
Pheno,GW/CH,EspEntreCasca,0.0385920075989587
Pheno,GW/CH,ComprMedRzs,0.677952181470234
Pheno,GW/CH,DiamMedRzs,0.718517742302053
Pheno,GW/CH,NRPl,0.708276802391989
Pheno,GW/CH,AltPl,0.731390992006081
Pheno,GW/CH,PPA,0.799723462667591
Pheno,GW/CH,FRY,0.734887666814377
Pheno,GW/CH,FRYC,0.346751485883052
Pheno,GW/CH,FRYNC,0.487558746966165
Pheno,GW/CH,IndColh,0.749839558352619
Pheno,GW/CH,DMCsg,0.783497720598183
Pheno,GW/CH,CorFolhaApical,0.930167621919419
Pheno,GW/CH,CorPeciolo,0.905659150955942
Pheno,GW/CH,CorFolhaDesenv,0.428037874327956
Pheno,GW/CH,CorNerv,0.71728955827334
Pheno,GW/CH,CorCortexCaule,0.71496623802066
Pheno,GW/CH,CorExternaCaule,0.967657805491652
Pheno,GW/CH,CorEpidCaule,0.985461951681098
Pheno,GW/CH,CorRamosTerm,0.875504291256632
Pheno,GW/CH,CorExternaRzs,0.847812355052181
Pheno,GW/CH,CorCortexRzs,0.898401384331701
Pheno,GW/CH,CorPolpaRzs,0.564158388154794
Pheno,GW/CH,NLobulos,0.580599386233374
Pheno,GW/CH,Pubescencia,0.890491640219491
Pheno,GW/CH,FormaLobuloCentral,0.615674779382579
Pheno,GW/CH,PosicaoPeciolo,0.729786562417762
Pheno,GW/CH,Sinuosidade,0.96954501052924
Pheno,GW/CH,ComprEstip,0.741595829047245
Pheno,GW/CH,HabCresCaule,0
Pheno,GW/CH,TipoPlan,0.833147329940307
Pheno,GW/CH,MargEstip,0.511190993860204
Pheno,GW/CH,HabRamif,0.783381447269182
Pheno,GW/CH,NiveisRam,0.986174438275048
Pheno,GW/CH,ProemCicatrizesFolhas,0.987511657226395
Pheno,GW/CH,FormaRzs,0.787753956994675
Pheno,GW/CH,TxtEpidermeRzs,0.800257668337244
Pheno,GW/CH,PresPedunculoRzs,0.945165070248669
Pheno,GW/CH,PosicaoRzs,0.71045482751652
Pheno,GW/CH,Flowering,0.954977412503246
Pheno,GW/CH,DestqPelicRz,0.992329115369309
Pheno,GW/CH,DestqCortexRz,0.697521335905205
Pheno,GW/CH,ConstrRzs,0.944123818357537
Pheno,GW/CH,ComprFilotaxia,0.945046791555596
Pheno,GW/CH,AnguloRamif,0.597141230325688
Pheno,GW/CH,PorteMod,0.837156646616499
Pheno,GW/CH,HCNMod,0.603986705011601
Pheno,GW/MLST,RetFoliar,0.601639311498229
Pheno,GW/MLST,ComprLobulo,0.882902134116442
Pheno,GW/MLST,LargLobulo,0.892120730292672
Pheno,GW/MLST,RelComprLar,0.510143907185938
Pheno,GW/MLST,ComprPeciolo,0.863516347548117
Pheno,GW/MLST,EspEntreCasca,0.0250727649894403
Pheno,GW/MLST,ComprMedRzs,0.619280695822489
Pheno,GW/MLST,DiamMedRzs,0.67736015973516
Pheno,GW/MLST,NRPl,0.670323562998501
Pheno,GW/MLST,AltPl,0.696287511810903
Pheno,GW/MLST,PPA,0.750907295726225
Pheno,GW/MLST,FRY,0.703562940303107
Pheno,GW/MLST,FRYC,0.307254891493895
Pheno,GW/MLST,FRYNC,0.619162699217446
Pheno,GW/MLST,IndColh,0.827327415256317
Pheno,GW/MLST,DMCsg,0.844798520672111
Pheno,GW/MLST,CorFolhaApical,0.891652419178126
Pheno,GW/MLST,CorPeciolo,0.904820741824233
Pheno,GW/MLST,CorFolhaDesenv,0.397938227659294
Pheno,GW/MLST,CorNerv,0.698022048576042
Pheno,GW/MLST,CorCortexCaule,0.707343690384112
Pheno,GW/MLST,CorExternaCaule,0.962927458477552
Pheno,GW/MLST,CorEpidCaule,0.986997886186965
Pheno,GW/MLST,CorRamosTerm,0.871459021743989
Pheno,GW/MLST,CorExternaRzs,0.824607982474616
Pheno,GW/MLST,CorCortexRzs,0.882390304765755
Pheno,GW/MLST,CorPolpaRzs,0.539709725729234
Pheno,GW/MLST,NLobulos,0.527600226716176
Pheno,GW/MLST,Pubescencia,0.88453099090332
Pheno,GW/MLST,FormaLobuloCentral,0.517749311122165
Pheno,GW/MLST,PosicaoPeciolo,0.682573104664739
Pheno,GW/MLST,Sinuosidade,0.94434538105009
Pheno,GW/MLST,ComprEstip,0.741595829047245
Pheno,GW/MLST,HabCresCaule,0
Pheno,GW/MLST,TipoPlan,0.774356575311932
Pheno,GW/MLST,MargEstip,0.435869915362958
Pheno,GW/MLST,HabRamif,0.765926526302432
Pheno,GW/MLST,NiveisRam,0.98477355227715
Pheno,GW/MLST,ProemCicatrizesFolhas,0.969296665365814
Pheno,GW/MLST,FormaRzs,0.744423578990063
Pheno,GW/MLST,TxtEpidermeRzs,0.822927484449126
Pheno,GW/MLST,PresPedunculoRzs,0.948531734527603
Pheno,GW/MLST,PosicaoRzs,0.665104783273638
Pheno,GW/MLST,Flowering,0.938479867423036
Pheno,GW/MLST,DestqPelicRz,0.981425747450633
Pheno,GW/MLST,DestqCortexRz,0.679948403479914
Pheno,GW/MLST,ConstrRzs,0.950553062627564
Pheno,GW/MLST,ComprFilotaxia,0.924087751338096
Pheno,GW/MLST,AnguloRamif,0.607243606253378
Pheno,GW/MLST,PorteMod,0.809842409536298
Pheno,GW/MLST,HCNMod,0.597553001508359
